1|14|Morbi porttitor lorem id ligula.|30|2022-12-30|30000
2|20|Aliquam quis turpis eget elit sodales scelerisque.|10|2022-12-28|10000
3|15|Nulla nisl.|30|2022-11-08|30000
4|13|Donec ut mauris eget massa tempor convallis.|40|2022-12-24|40000
5|12|Nulla suscipit ligula in lacus.|20|2022-12-08|20000
6|16|Nulla nisl.|10|2022-10-07|10000
7|16|Etiam pretium iaculis justo.|20|2022-12-12|20000
8|18|In eleifend quam a odio.|20|2022-12-15|20000
9|15|In hac habitasse platea dictumst.|30|2022-09-01|30000
10|15|Maecenas tristique est et tempus semper est quam pharetra magna ac consequat metus sapien ut nunc.|40|2022-09-12|40000
