1|35|8|5|Dolor magnam quiquia quaerat quiquia.|2021-08-23 14:37:48
2|48|10|5|Voluptatem labore consectetur sed numquam voluptatem dolorem non.|2021-08-27 01:37:49
3|7|7|3|Dolor est eius velit.|2021-09-25 15:43:48
4|11|7|4|Velit numquam quiquia labore amet sit.|2021-09-27 05:16:21
5|2|2|5|Porro dolore modi neque tempora sit quaerat quiquia.|2021-09-28 00:40:05
6|50|9|5|Modi modi labore voluptatem.|2021-10-03 09:42:50
7|46|11|3|Est amet labore magnam tempora voluptatem ipsum quiquia.|2021-10-30 01:52:51
8|23|11|4|Sit aliquam consectetur porro etincidunt.|2021-11-22 02:44:56
9|15|10|4|Voluptatem labore amet quisquam tempora ipsum quiquia.|2021-11-26 14:20:36
10|15|9|4|Modi sed quaerat velit non labore.|2021-12-04 22:53:06
11|34|19|5|Consectetur ut est magnam ut voluptatem dolore non.|2022-02-06 22:44:48
12|29|18|3|Dolor numquam voluptatem magnam quisquam sed porro.|2022-02-24 20:55:50
13|31|4|5|Voluptatem ipsum consectetur dolorem adipisci amet.|2022-03-14 20:52:48
14|13|4|5|Ut amet amet labore dolore est.|2022-03-14 21:27:33
15|14|8|4|Etincidunt ipsum aliquam magnam.|2022-04-09 00:06:34
16|19|9|4|Porro dolorem est quiquia.|2022-04-14 09:46:19
17|3|20|4|Tempora amet labore eius est.|2022-05-16 15:31:56
18|7|2|5|Sed consectetur ipsum ipsum non sed.|2022-05-22 03:38:50
19|42|5|3|Aliquam tempora voluptatem tempora quiquia dolorem.|2022-06-04 21:47:40
20|20|6|5|Quiquia dolorem etincidunt sit.|2022-06-07 02:41:36
21|46|14|4|Porro etincidunt sit quisquam dolore non labore eius.|2022-06-13 14:52:10
22|4|8|4|Adipisci quiquia aliquam amet voluptatem quiquia ipsum.|2022-06-18 10:45:21
23|18|14|5|Consectetur modi amet tempora dolore sit sit adipisci.|2022-06-28 21:57:27
24|28|17|4|Porro est sed dolorem aliquam.|2022-07-04 21:50:20
25|32|10|3|Porro ipsum modi adipisci porro dolor modi.|2022-08-04 21:13:32
26|35|15|4|Est sed quisquam porro non est dolorem modi.|2022-08-14 09:34:18
27|50|12|5|Sed voluptatem quaerat porro dolorem.|2022-08-14 20:52:12
28|12|17|4|Neque consectetur aliquam dolore labore voluptatem dolorem.|2022-09-01 01:53:30
29|43|15|3|Velit amet neque quiquia quaerat dolore aliquam.|2022-09-20 03:07:01
30|38|19|3|Non non etincidunt sit.|2022-10-15 23:47:44
