1|epraundl0|HnxWVRKr|895-215-7677|자율전공부
2|gnetherclift1|cojfXXgUnwYe|479-745-0082|과학기술대학
3|jwillavoys2|G6DjPD|870-733-2996|IT대학
4|dkybird3|29HTIojH|142-994-2550|IT대학
5|sburburough4|mBAubp1b|559-135-1324|의과대학
6|mbeert5|BgGTrp7|553-954-8483|인문대학
7|rbratchell6|vcEY3cMpwNi5|328-471-6380|IT대학
8|rtellenbrook7|DC237maE|491-515-3848|예술대학
9|vmulvany8|h2G8HCsYv|968-585-3036|치과대학
10|bfeare9|zcoPdT2zFEG2|188-586-7153|의과대학
11|akingzetha|ESXMDqxoq|655-414-7559|자율전공부
12|wionnidisb|wvsd3qX9sc|166-438-7298|간호대학
13|ngeppc|YNOmOVb|591-148-5163|인문대학
14|chopkynsd|6UD5fae0G|875-425-3817|자연과학대학
15|cswendelle|lBOHfO5h3o0|324-520-3612|경상대학
16|ktantonf|Bd3ADYSpn|597-507-7954|예술대학
17|crodolfg|lHlVqXu1oeA|565-297-6783|사범대학
18|znaveinh|8nFFIQQ|967-465-6092|약학대학
19|ecauseri|ZH6AoprW|311-243-5504|공과대학
20|astroulgerj|APq4V1mv4BN|124-664-7456|예술대학
21|tlumsdainek|uX9eFO7|380-556-2125|수의과대학
22|mbarheml|cwzBGHVOJfM|532-741-6970|경상대학
23|ggoodredgem|lcrdvs8|899-945-5784|자연과학대학
24|jardenn|JpHjp2ag|266-158-7508|사범대학
25|jmckieo|Ky8quBVDX3dE|672-834-4301|공과대학
26|gyitzhakofp|dhM1myER|598-347-6745|사회과학대학
27|eburgisq|ajMO2N|932-964-5491|과학기술대학
28|ttrouncer|cnUtb5|826-542-2684|사회과학대학
29|rmahargs|O371xEjrZMQg|437-782-4738|생태환경대학
30|jbaseggiot|RuFaaMxF|791-623-7965|간호대학
31|wjouhanu|den3h4QP|662-520-6398|공과대학
32|jlamontv|0YpZLm1fG|793-351-5936|IT대학
33|deamerw|wPl8DN59Sn|963-164-9965|생태환경대학
34|gelsayx|XgR2qK|257-155-4082|자율전공부
35|mgodrichy|Zige4eN6BQ|404-304-7162|IT대학
36|igrancherz|tgHW7C5l9PE|502-524-2509|사회과학대학
37|ghaversum10|iDyHf3XBRwo|902-306-5380|예술대학
38|nbaack11|bGszgwLDdEy|972-202-8628|의과대학
39|nfernley12|vYRYHnQTrfBo|650-803-5788|과학기술대학
40|bfilyashin13|JSC3MQllNq|507-312-0048|의과대학
41|lfomichyov14|FiaD0JFz|860-724-9912|자율전공부
42|aeriksson15|vOHe2chub|994-511-4021|의과대학
43|wcaldeyroux16|rXwJaW7HY0M|297-148-6644|간호대학
44|hdelnevo17|CFoNHdE|183-804-7925|간호대학
45|tjantel18|SaRTnweVwDS|144-723-9924|융합학부
46|bgooders19|2MfhGfV|262-972-8202|약학대학
47|bparade1a|PPTWRlBgFX|353-676-4981|자율전공부
48|kgrieger1b|IdEbm5wc7pN|371-690-9587|행정학부
49|cwyd1c|N6i0iEV3vZv|321-519-2478|자연과학대학
50|tkidwell1d|YXUyGy|694-748-5018|IT대학
