1|5002 Maywood Pass
2|0262 Killdeer Pass
3|13805 Saint Paul Street
4|041 Montana Lane
5|80759 Nevada Avenue
6|22 Kedzie Point
7|2419 Mandrake Parkway
8|43769 Hovde Court
9|9078 Sullivan Court
10|8 Rigney Center
11|6 Pearson Avenue
12|5359 Russell Place
13|99 Kropf Circle
14|129 Spaight Point
15|4892 Basil Hill
16|7 John Wall Way
17|981 Buell Circle
18|99464 Forest Street
19|03 Dennis Junction
20|0 Merchant Court
21|1 Sommers Parkway
22|5650 Stoughton Point
23|37563 Moland Park
24|32 Hollow Ridge Alley
25|6307 Northridge Crossing
26|5 Jenna Junction
27|2 Claremont Court
28|73 Roth Drive
29|5 Crowley Junction
30|28 Chinook Junction
31|719 Sage Place
32|123 Carioca Avenue
33|15107 Cardinal Pass
34|00 Laurel Terrace
35|6560 Welch Terrace
36|9270 Moulton Park
37|34 Upham Plaza
38|8094 Melrose Crossing
39|93424 Delaware Junction
40|61645 Prairie Rose Street
41|744 Melby Junction
42|14 7th Road
43|812 Derek Terrace
44|5117 Pennsylvania Center
45|5074 Waywood Plaza
46|40178 Northwestern Lane
47|87 Mitchell Avenue
48|64 Shasta Point
49|64 Thompson Parkway
50|8556 Wayridge Point
